HitId,HitTitle,Annotation,AssignmentId,WorkerId,Status,AcceptTime,SubmitTime,Answer 1
3UEDKCTP9VQSZE86QJFHRRFFFRL7KU,"P45: emotional memory demo"," ",3LWJHTCVCCMUBUJ1B92RZO0M486QFK,A7NX912ETMBWU,Approved,"Tue May 03 14:33:13 PDT 2016","Tue May 03 14:33:34 PDT 2016","{""trials"":[],""thisList"":[""torture"",""love"",""miracle"",""pecan"",""hunter"",""graduate"",""hairdryer"",""treasure"",""knitting"",""stove"",""promotion"",""laughter"",""award"",""mother"",""rabies"",""suicide"",""funeral"",""sweetheart"",""coyote"",""romantic"",""fingerprint"",""slaughter"",""rape"",""lice"",""hammer"",""paradise"",""contents"",""depression"",""rainbow"",""prison"",""seasick"",""rejected"",""leprosy"",""baby"",""curtains"",""kiss"",""suffocate"",""duct"",""vomit"",""volcano"",""broom"",""cash"",""bumble"",""murderer"",""freezer""],""thisRetrieval"":""freezer, romantic, coyote, murderer"",""theseComments"":[],""theseResults"":[0,0,0,0,0,0,0,0,0,0,0,0,0,0,0,0,0,0,1,1,0,0,0,0,0,0,0,0,0,0,0,0,0,0,0,0,0,0,0,0,0,0,0,1,1],""thisManip"":"""",""theseEmos"":[""forgotten"",""forgotten"",""forgotten"",""forgotten"",""forgotten"",""forgotten"",""forgotten"",""forgotten"",""forgotten"",""forgotten"",""forgotten"",""forgotten"",""forgotten"",""forgotten"",""forgotten"",""forgotten"",""forgotten"",""forgotten"",""neutral"",""positive"",""forgotten"",""forgotten"",""forgotten"",""forgotten"",""forgotten"",""forgotten"",""forgotten"",""forgotten"",""forgotten"",""forgotten"",""forgotten"",""forgotten"",""forgotten"",""forgotten"",""forgotten"",""forgotten"",""forgotten"",""forgotten"",""forgotten"",""forgotten"",""forgotten"",""forgotten"",""forgotten"",""negative"",""neutral""],""stimDur"":10,""ITI"":10,""numpos"":1,""numneg"":1,""numneut"":2}",
3UEDKCTP9VQSZE86QJFHRRFFFRL7KU,"P45: emotional memory demo"," ",30X31N5D63QBSJH6SX54GN4WPGUASW,A1XK2SQ0Z4SCPP,Approved,"Tue May 10 16:17:13 PDT 2016","Tue May 10 16:21:09 PDT 2016","{""trials"":[],""thisList"":[""slaughter"",""contents"",""graduate"",""kiss"",""sweetheart"",""stove"",""depression"",""fingerprint"",""hairdryer"",""award"",""romantic"",""rabies"",""love"",""hunter"",""volcano"",""vomit"",""bumble"",""murderer"",""pecan"",""duct"",""suffocate"",""treasure"",""funeral"",""rainbow"",""suicide"",""hammer"",""broom"",""paradise"",""cash"",""leprosy"",""rape"",""baby"",""lice"",""freezer"",""laughter"",""coyote"",""promotion"",""curtains"",""miracle"",""torture"",""seasick"",""prison"",""knitting"",""rejected"",""mother""],""thisRetrieval"":""suicide, rejected, mother, curtains, love, kiss, laughter, suffocate, prison, duct, rainbow, broom, handle, rape, murder, joy"",""theseComments"":[],""theseResults"":[0,0,0,1,0,0,0,0,0,0,0,0,1,0,0,0,0,0,0,1,1,0,0,1,1,0,1,0,0,0,1,0,0,0,1,0,0,1,0,0,0,1,0,1,1],""thisManip"":"""",""theseEmos"":[""forgotten"",""forgotten"",""forgotten"",""positive"",""forgotten"",""forgotten"",""forgotten"",""forgotten"",""forgotten"",""forgotten"",""forgotten"",""forgotten"",""positive"",""forgotten"",""forgotten"",""forgotten"",""forgotten"",""forgotten"",""forgotten"",""neutral"",""negative"",""forgotten"",""forgotten"",""positive"",""negative"",""forgotten"",""neutral"",""forgotten"",""forgotten"",""forgotten"",""negative"",""forgotten"",""forgotten"",""forgotten"",""positive"",""forgotten"",""forgotten"",""neutral"",""forgotten"",""forgotten"",""forgotten"",""negative"",""forgotten"",""negative"",""positive""],""stimDur"":2000,""ITI"":1000,""numpos"":5,""numneg"":5,""numneut"":3}",
3UEDKCTP9VQSZE86QJFHRRFFFRL7KU,"P45: emotional memory demo"," ",3P529IW9KYLJKX3OJ4UVI21SU2ZFL0,A1JGUKICUQDH0L,Approved,"Tue May 10 18:09:06 PDT 2016","Tue May 10 18:12:53 PDT 2016","{""trials"":[],""thisList"":[""romantic"",""cash"",""graduate"",""fingerprint"",""suffocate"",""duct"",""rejected"",""pecan"",""treasure"",""rainbow"",""mother"",""contents"",""hammer"",""coyote"",""vomit"",""rape"",""freezer"",""broom"",""stove"",""depression"",""paradise"",""lice"",""volcano"",""suicide"",""murderer"",""knitting"",""seasick"",""rabies"",""funeral"",""prison"",""torture"",""kiss"",""sweetheart"",""bumble"",""love"",""miracle"",""hunter"",""leprosy"",""laughter"",""promotion"",""hairdryer"",""curtains"",""award"",""baby"",""slaughter""],""thisRetrieval"":""love, kiss rejected vomit ; contents fingerprint sweetheart rape.\n\nasdf"",""theseComments"":[],""theseResults"":[0,0,0,1,0,0,1,0,0,0,0,1,0,0,1,1,0,0,0,0,0,0,0,0,0,0,0,0,0,0,0,1,1,0,1,0,0,0,0,0,0,0,0,0,0],""thisManip"":"""",""theseEmos"":[""forgotten"",""forgotten"",""forgotten"",""neutral"",""forgotten"",""forgotten"",""negative"",""forgotten"",""forgotten"",""forgotten"",""forgotten"",""neutral"",""forgotten"",""forgotten"",""negative"",""negative"",""forgotten"",""forgotten"",""forgotten"",""forgotten"",""forgotten"",""forgotten"",""forgotten"",""forgotten"",""forgotten"",""forgotten"",""forgotten"",""forgotten"",""forgotten"",""forgotten"",""forgotten"",""positive"",""positive"",""forgotten"",""positive"",""forgotten"",""forgotten"",""forgotten"",""forgotten"",""forgotten"",""forgotten"",""forgotten"",""forgotten"",""forgotten"",""forgotten""],""stimDur"":2000,""ITI"":1000,""numpos"":3,""numneg"":3,""numneut"":2}",
3UEDKCTP9VQSZE86QJFHRRFFFRL7KU,"P45: emotional memory demo"," ",3TU5ZICBRD1LWF9E3VWLPWJ0H49Q8J,A3GNVSUHSIJEDW,Approved,"Tue May 10 18:35:47 PDT 2016","Tue May 10 18:43:27 PDT 2016","{""trials"":[],""thisList"":[""laughter"",""pecan"",""graduate"",""leprosy"",""mother"",""bumble"",""promotion"",""hunter"",""hammer"",""vomit"",""depression"",""funeral"",""suffocate"",""contents"",""paradise"",""curtains"",""stove"",""kiss"",""seasick"",""suicide"",""slaughter"",""fingerprint"",""duct"",""torture"",""rape"",""romantic"",""broom"",""knitting"",""rainbow"",""rejected"",""murderer"",""baby"",""treasure"",""freezer"",""coyote"",""love"",""prison"",""lice"",""hairdryer"",""miracle"",""award"",""sweetheart"",""rabies"",""cash"",""volcano""],""thisRetrieval"":""volcano suicide depression mother bumble freezer curtain stove kiss romantic hunter vomit slaughter rainbow rejected award "",""theseComments"":[],""theseResults"":[1,0,0,0,1,1,0,1,0,1,1,0,0,0,0,0,1,1,0,1,1,0,0,0,0,1,0,0,1,1,0,0,0,1,0,0,0,0,0,0,1,0,0,0,1],""thisManip"":"""",""theseEmos"":[""positive"",""forgotten"",""forgotten"",""forgotten"",""positive"",""neutral"",""forgotten"",""neutral"",""forgotten"",""negative"",""negative"",""forgotten"",""forgotten"",""forgotten"",""forgotten"",""forgotten"",""neutral"",""positive"",""forgotten"",""negative"",""negative"",""forgotten"",""forgotten"",""forgotten"",""forgotten"",""positive"",""forgotten"",""forgotten"",""positive"",""negative"",""forgotten"",""forgotten"",""forgotten"",""neutral"",""forgotten"",""forgotten"",""forgotten"",""forgotten"",""forgotten"",""forgotten"",""positive"",""forgotten"",""forgotten"",""forgotten"",""neutral""],""stimDur"":2000,""ITI"":1000,""numpos"":6,""numneg"":5,""numneut"":5}",
3UEDKCTP9VQSZE86QJFHRRFFFRL7KU,"P45: emotional memory demo"," ",3QRYMNZ7FYHJR2OAQ1FZCYKIQ6ANTL,A2PHAETQOS0JPI,Approved,"Thu May 12 11:11:18 PDT 2016","Thu May 12 11:16:34 PDT 2016","{""trials"":[],""thisList"":[""slaughter"",""broom"",""torture"",""lice"",""hunter"",""treasure"",""graduate"",""hairdryer"",""promotion"",""rabies"",""hammer"",""love"",""suicide"",""volcano"",""cash"",""suffocate"",""contents"",""funeral"",""sweetheart"",""rejected"",""stove"",""murderer"",""vomit"",""knitting"",""kiss"",""curtains"",""pecan"",""rape"",""miracle"",""romantic"",""seasick"",""award"",""leprosy"",""rainbow"",""baby"",""prison"",""freezer"",""fingerprint"",""coyote"",""mother"",""depression"",""duct"",""bumble"",""laughter"",""paradise""],""thisRetrieval"":""Miracle\nbumble\nrape\ntorture\nlove\nstove\nsweetheart \nfuneral\nrejection\n"",""theseComments"":[],""theseResults"":[0,0,1,0,0,0,0,0,0,0,0,1,0,0,0,0,0,1,1,0,1,0,0,0,0,0,0,1,1,0,0,0,0,0,0,0,0,0,0,0,0,0,1,0,0],""thisManip"":"""",""theseEmos"":[""forgotten"",""forgotten"",""negative"",""forgotten"",""forgotten"",""forgotten"",""forgotten"",""forgotten"",""forgotten"",""forgotten"",""forgotten"",""positive"",""forgotten"",""forgotten"",""forgotten"",""forgotten"",""forgotten"",""negative"",""positive"",""forgotten"",""neutral"",""forgotten"",""forgotten"",""forgotten"",""forgotten"",""forgotten"",""forgotten"",""negative"",""positive"",""forgotten"",""forgotten"",""forgotten"",""forgotten"",""forgotten"",""forgotten"",""forgotten"",""forgotten"",""forgotten"",""forgotten"",""forgotten"",""forgotten"",""forgotten"",""neutral"",""forgotten"",""forgotten""],""stimDur"":2000,""ITI"":1000,""numpos"":3,""numneg"":3,""numneut"":2}",
3UEDKCTP9VQSZE86QJFHRRFFFRL7KU,"P45: emotional memory demo"," ",3AWETUDC92SNZDMIZDRPTEPIP33IZH,AS9APWY42025Q,Approved,"Thu May 12 15:21:20 PDT 2016","Thu May 12 15:27:49 PDT 2016","{""trials"":[],""thisList"":[""duct"",""curtains"",""award"",""romantic"",""vomit"",""suffocate"",""bumble"",""seasick"",""freezer"",""treasure"",""prison"",""torture"",""cash"",""promotion"",""broom"",""slaughter"",""depression"",""funeral"",""hairdryer"",""suicide"",""pecan"",""graduate"",""love"",""paradise"",""rejected"",""murderer"",""fingerprint"",""sweetheart"",""laughter"",""mother"",""rainbow"",""leprosy"",""lice"",""hammer"",""rape"",""coyote"",""stove"",""knitting"",""baby"",""rabies"",""hunter"",""miracle"",""contents"",""kiss"",""volcano""],""thisRetrieval"":""depression\nsuicide\nfuneral\nsuffocation\nduct\ncurtain\npecan\ncash\ntreasure\nfreezer\nmurderer \nfingerprints\ncontents\nlice\nlove\nkiss\nsweetheart\ngraduation\nhairdryer\nvolcano\nseasick\nhammer"",""theseComments"":[],""theseResults"":[1,0,0,0,0,0,0,1,1,1,0,0,1,0,0,0,1,1,1,1,1,0,1,0,0,1,1,1,0,0,0,0,1,1,0,0,0,0,0,0,0,0,1,1,1],""thisManip"":"""",""theseEmos"":[""neutral"",""forgotten"",""forgotten"",""forgotten"",""forgotten"",""forgotten"",""forgotten"",""negative"",""neutral"",""positive"",""forgotten"",""forgotten"",""positive"",""forgotten"",""forgotten"",""forgotten"",""negative"",""negative"",""neutral"",""negative"",""neutral"",""forgotten"",""positive"",""forgotten"",""forgotten"",""negative"",""neutral"",""positive"",""forgotten"",""forgotten"",""forgotten"",""forgotten"",""negative"",""neutral"",""forgotten"",""forgotten"",""forgotten"",""forgotten"",""forgotten"",""forgotten"",""forgotten"",""forgotten"",""neutral"",""positive"",""neutral""],""stimDur"":2000,""ITI"":1000,""numpos"":5,""numneg"":6,""numneut"":8}",
3UEDKCTP9VQSZE86QJFHRRFFFRL7KU,"P45: emotional memory demo"," ",3AUQQEL7U5TVJY0SUQDG24CQFYGV0Z,AAGNZQHLPIBY9,Approved,"Thu May 12 16:45:15 PDT 2016","Thu May 12 16:57:25 PDT 2016","{""trials"":[],""thisList"":[""treasure"",""prison"",""pecan"",""sweetheart"",""contents"",""seasick"",""rape"",""rabies"",""leprosy"",""freezer"",""love"",""hairdryer"",""hammer"",""hunter"",""kiss"",""laughter"",""lice"",""promotion"",""award"",""stove"",""volcano"",""slaughter"",""miracle"",""murderer"",""funeral"",""bumble"",""rejected"",""cash"",""curtains"",""suffocate"",""romantic"",""coyote"",""baby"",""rainbow"",""vomit"",""fingerprint"",""paradise"",""mother"",""torture"",""duct"",""depression"",""broom"",""suicide"",""graduate"",""knitting""],""thisRetrieval"":""knitting, prison, treasure, rape, depression, mother, baby, rainbow, vomit, fingerprint, broom, lice, rabies, leprosy, suicide"",""theseComments"":[],""theseResults"":[1,1,0,0,0,0,1,1,1,0,0,0,0,0,0,0,1,0,0,0,0,0,0,0,0,0,0,0,0,0,0,0,1,1,1,1,0,1,0,0,1,1,1,0,1],""thisManip"":"""",""theseEmos"":[""positive"",""negative"",""forgotten"",""forgotten"",""forgotten"",""forgotten"",""negative"",""negative"",""negative"",""forgotten"",""forgotten"",""forgotten"",""forgotten"",""forgotten"",""forgotten"",""forgotten"",""negative"",""forgotten"",""forgotten"",""forgotten"",""forgotten"",""forgotten"",""forgotten"",""forgotten"",""forgotten"",""forgotten"",""forgotten"",""forgotten"",""forgotten"",""forgotten"",""forgotten"",""forgotten"",""positive"",""positive"",""negative"",""neutral"",""forgotten"",""positive"",""forgotten"",""forgotten"",""negative"",""neutral"",""negative"",""forgotten"",""neutral""],""stimDur"":2000,""ITI"":1000,""numpos"":4,""numneg"":8,""numneut"":3}",
3UEDKCTP9VQSZE86QJFHRRFFFRL7KU,"P45: emotional memory demo"," ",3JPSL1DZ5SZEC6P1K1OIHTUQ2HQNA1,A1HG42CY0R1HHE,Approved,"Thu May 12 17:15:43 PDT 2016","Thu May 12 17:20:24 PDT 2016","{""trials"":[],""thisList"":[""rejected"",""rabies"",""suicide"",""miracle"",""love"",""rape"",""baby"",""contents"",""bumble"",""slaughter"",""laughter"",""volcano"",""fingerprint"",""vomit"",""hairdryer"",""funeral"",""mother"",""hunter"",""duct"",""freezer"",""curtains"",""award"",""murderer"",""sweetheart"",""suffocate"",""stove"",""paradise"",""promotion"",""knitting"",""seasick"",""lice"",""romantic"",""leprosy"",""graduate"",""torture"",""kiss"",""treasure"",""rainbow"",""cash"",""broom"",""hammer"",""pecan"",""coyote"",""prison"",""depression""],""thisRetrieval"":""rejected\nrabies\nlove\nrape\nsuicide\nmother\nhunter\nfreezer\ncurtain\nslaughter\nmurderer\nleprosy\nvolcano\npecan\nparadise\ndepression\nsweetheart\ntreasure\nfuneral\nstove\naward\npromotion"",""theseComments"":[],""theseResults"":[1,1,1,0,1,1,0,0,0,1,1,1,0,0,0,1,1,1,0,1,0,1,1,1,0,1,1,1,0,0,0,0,1,0,0,0,1,0,0,0,0,1,0,0,1],""thisManip"":"""",""theseEmos"":[""negative"",""negative"",""negative"",""forgotten"",""positive"",""negative"",""forgotten"",""forgotten"",""forgotten"",""negative"",""positive"",""neutral"",""forgotten"",""forgotten"",""forgotten"",""negative"",""positive"",""neutral"",""forgotten"",""neutral"",""forgotten"",""positive"",""negative"",""positive"",""forgotten"",""neutral"",""positive"",""positive"",""forgotten"",""forgotten"",""forgotten"",""forgotten"",""negative"",""forgotten"",""forgotten"",""forgotten"",""positive"",""forgotten"",""forgotten"",""forgotten"",""forgotten"",""neutral"",""forgotten"",""forgotten"",""negative""],""stimDur"":2000,""ITI"":1000,""numpos"":8,""numneg"":9,""numneut"":5}",
3UEDKCTP9VQSZE86QJFHRRFFFRL7KU,"P45: emotional memory demo"," ",3QL2OFSM96I25LMZ4FK9NOKE2KBNC3,A6VD30XYG28FA,Approved,"Thu May 12 17:26:25 PDT 2016","Thu May 12 17:30:45 PDT 2016","{""trials"":[],""thisList"":[""volcano"",""prison"",""treasure"",""rainbow"",""hammer"",""cash"",""curtains"",""broom"",""miracle"",""paradise"",""promotion"",""coyote"",""depression"",""love"",""graduate"",""bumble"",""knitting"",""suicide"",""kiss"",""duct"",""leprosy"",""vomit"",""freezer"",""laughter"",""hunter"",""award"",""suffocate"",""romantic"",""sweetheart"",""seasick"",""rape"",""murderer"",""rabies"",""lice"",""rejected"",""stove"",""funeral"",""hairdryer"",""slaughter"",""pecan"",""baby"",""torture"",""mother"",""fingerprint"",""contents""],""thisRetrieval"":""volcano \nrainbow\nhammer\nduct\nlove\nrape\nsweetheart\nbumble\ntreasure\ncash\nmiracle\nvomit\ncurtain\nhairdryer\nbroom\nkiss\nprison"",""theseComments"":[],""theseResults"":[1,1,1,1,1,1,0,1,1,0,0,0,0,1,0,1,0,0,1,1,0,1,0,0,0,0,0,0,1,0,1,0,0,0,0,0,0,1,0,0,0,0,0,0,0],""thisManip"":"""",""theseEmos"":[""neutral"",""negative"",""positive"",""positive"",""neutral"",""positive"",""forgotten"",""neutral"",""positive"",""forgotten"",""forgotten"",""forgotten"",""forgotten"",""positive"",""forgotten"",""neutral"",""forgotten"",""forgotten"",""positive"",""neutral"",""forgotten"",""negative"",""forgotten"",""forgotten"",""forgotten"",""forgotten"",""forgotten"",""forgotten"",""positive"",""forgotten"",""negative"",""forgotten"",""forgotten"",""forgotten"",""forgotten"",""forgotten"",""forgotten"",""neutral"",""forgotten"",""forgotten"",""forgotten"",""forgotten"",""forgotten"",""forgotten"",""forgotten""],""stimDur"":2000,""ITI"":1000,""numpos"":7,""numneg"":3,""numneut"":6}",
3UEDKCTP9VQSZE86QJFHRRFFFRL7KU,"P45: emotional memory demo"," ",3VW6495TLJ09KNRI79B91VA49SYYYD,A9500OPRHV9H4,Approved,"Fri May 13 20:57:34 PDT 2016","Fri May 13 21:02:22 PDT 2016","{""trials"":[],""thisList"":[""contents"",""romantic"",""bumble"",""curtains"",""paradise"",""suffocate"",""laughter"",""knitting"",""promotion"",""vomit"",""broom"",""rejected"",""miracle"",""murderer"",""sweetheart"",""mother"",""kiss"",""volcano"",""hammer"",""leprosy"",""fingerprint"",""slaughter"",""funeral"",""award"",""seasick"",""pecan"",""cash"",""duct"",""treasure"",""torture"",""depression"",""rabies"",""freezer"",""stove"",""coyote"",""baby"",""hunter"",""rainbow"",""suicide"",""love"",""lice"",""rape"",""graduate"",""prison"",""hairdryer""],""thisRetrieval"":""miracle\nmurder\nsuffocate\nslaughter\nfuneral\nromantic\nlove\nparadise\nlaughter\nknitting\nrape\ndepression\nsuicide\ncash\nfingerprint\ntreasure\nrabies\nmother\nbroom\ngraduate\n"",""theseComments"":[],""theseResults"":[0,1,0,0,1,1,1,1,0,0,1,0,1,0,0,1,0,0,0,0,1,1,1,0,0,0,1,0,1,0,1,1,0,0,0,0,0,0,1,1,0,1,1,0,0],""thisManip"":"""",""theseEmos"":[""forgotten"",""positive"",""forgotten"",""forgotten"",""positive"",""negative"",""positive"",""neutral"",""forgotten"",""forgotten"",""neutral"",""forgotten"",""positive"",""forgotten"",""forgotten"",""positive"",""forgotten"",""forgotten"",""forgotten"",""forgotten"",""neutral"",""negative"",""negative"",""forgotten"",""forgotten"",""forgotten"",""positive"",""forgotten"",""positive"",""forgotten"",""negative"",""negative"",""forgotten"",""forgotten"",""forgotten"",""forgotten"",""forgotten"",""forgotten"",""negative"",""positive"",""forgotten"",""negative"",""positive"",""forgotten"",""forgotten""],""stimDur"":2000,""ITI"":1000,""numpos"":9,""numneg"":7,""numneut"":3}",
3UEDKCTP9VQSZE86QJFHRRFFFRL7KU,"P45: emotional memory demo"," ",37U1UTWH9VML8GOEGALLUMT5DQHR8R,A3E2SKME18LK5L,Approved,"Sat May 14 16:49:30 PDT 2016","Sat May 14 17:00:56 PDT 2016","{""trials"":[],""thisList"":[""hairdryer"",""slaughter"",""fingerprint"",""romantic"",""stove"",""rape"",""prison"",""sweetheart"",""freezer"",""torture"",""rabies"",""rainbow"",""hunter"",""suicide"",""contents"",""broom"",""graduate"",""lice"",""promotion"",""treasure"",""seasick"",""vomit"",""knitting"",""kiss"",""love"",""baby"",""rejected"",""mother"",""suffocate"",""pecan"",""paradise"",""murderer"",""depression"",""curtains"",""cash"",""volcano"",""laughter"",""bumble"",""funeral"",""award"",""duct"",""coyote"",""hammer"",""miracle"",""leprosy""],""thisRetrieval"":""miracle\nle0pard\nduct\ntreasure\nrainbow\nseasick\nvomit\nmurderer\ncurtains\nhairdryer\ncoyote\nhammer\nfreezer\nbroom\nlove\nromantic\npecan\nmarriage\nmother\nrape\nblood\ntorture\n"",""theseComments"":[],""theseResults"":[1,0,0,1,0,1,0,0,1,1,0,1,0,0,0,1,0,0,0,1,1,1,0,0,1,0,0,1,0,1,0,1,0,1,0,0,0,0,0,0,1,1,1,1,0],""thisManip"":"""",""theseEmos"":[""neutral"",""forgotten"",""forgotten"",""positive"",""forgotten"",""negative"",""forgotten"",""forgotten"",""neutral"",""negative"",""forgotten"",""positive"",""forgotten"",""forgotten"",""forgotten"",""neutral"",""forgotten"",""forgotten"",""forgotten"",""positive"",""negative"",""negative"",""forgotten"",""forgotten"",""positive"",""forgotten"",""forgotten"",""positive"",""forgotten"",""neutral"",""forgotten"",""negative"",""forgotten"",""neutral"",""forgotten"",""forgotten"",""forgotten"",""forgotten"",""forgotten"",""forgotten"",""neutral"",""neutral"",""neutral"",""positive"",""forgotten""],""stimDur"":2000,""ITI"":1000,""numpos"":6,""numneg"":5,""numneut"":8}",
3UEDKCTP9VQSZE86QJFHRRFFFRL7KU,"P45: emotional memory demo"," ",3DH6GAKTYYP9PD1N3VDSF2J6FN4YZ8,ALEDDMDKJNE7B,Approved,"Sun May 15 14:33:05 PDT 2016","Sun May 15 14:36:47 PDT 2016","{""trials"":[],""thisList"":[""slaughter"",""sweetheart"",""pecan"",""lice"",""baby"",""coyote"",""hairdryer"",""curtains"",""contents"",""vomit"",""rape"",""seasick"",""fingerprint"",""hunter"",""freezer"",""rejected"",""hammer"",""kiss"",""award"",""prison"",""rabies"",""miracle"",""duct"",""rainbow"",""cash"",""suicide"",""torture"",""stove"",""depression"",""murderer"",""funeral"",""bumble"",""leprosy"",""graduate"",""suffocate"",""broom"",""laughter"",""mother"",""volcano"",""paradise"",""love"",""romantic"",""treasure"",""promotion"",""knitting""],""thisRetrieval"":""slaughter\nsweetheart\npecan\nlice\nbaby\nrape\nrabies\nmurderer\ndepression\nrejected\nprison\nlove\nromantic\nsuicide\nduct\n"",""theseComments"":[],""theseResults"":[1,1,1,1,1,0,0,0,0,0,1,0,0,0,0,1,0,0,0,1,1,0,1,0,0,1,0,0,1,1,0,0,0,0,0,0,1,0,0,0,1,1,0,0,0],""thisManip"":"""",""theseEmos"":[""negative"",""positive"",""neutral"",""negative"",""positive"",""forgotten"",""forgotten"",""forgotten"",""forgotten"",""forgotten"",""negative"",""forgotten"",""forgotten"",""forgotten"",""forgotten"",""negative"",""forgotten"",""forgotten"",""forgotten"",""negative"",""negative"",""forgotten"",""neutral"",""forgotten"",""forgotten"",""negative"",""forgotten"",""forgotten"",""negative"",""negative"",""forgotten"",""forgotten"",""forgotten"",""forgotten"",""forgotten"",""forgotten"",""positive"",""forgotten"",""forgotten"",""forgotten"",""positive"",""positive"",""forgotten"",""forgotten"",""forgotten""],""stimDur"":2000,""ITI"":1000,""numpos"":5,""numneg"":9,""numneut"":2}",
3UEDKCTP9VQSZE86QJFHRRFFFRL7KU,"P45: emotional memory demo"," ",35GCEFQ6I5O89A4ZEAK2P8NT6MA3Z8,A3U1R9I6JID68R,Approved,"Sun May 15 15:34:08 PDT 2016","Sun May 15 15:41:17 PDT 2016","{""trials"":[],""thisList"":[""mother"",""promotion"",""slaughter"",""funeral"",""romantic"",""coyote"",""laughter"",""prison"",""vomit"",""hunter"",""baby"",""contents"",""miracle"",""rape"",""duct"",""freezer"",""knitting"",""fingerprint"",""suicide"",""murderer"",""volcano"",""depression"",""cash"",""paradise"",""hairdryer"",""graduate"",""leprosy"",""stove"",""award"",""bumble"",""hammer"",""rainbow"",""kiss"",""torture"",""lice"",""broom"",""love"",""seasick"",""rabies"",""treasure"",""rejected"",""curtains"",""sweetheart"",""suffocate"",""pecan""],""thisRetrieval"":""mother\nslaughter\npromotion\nrape\ncoyote\nhunting\nprison\njail\n"",""theseComments"":[],""theseResults"":[1,1,1,0,0,1,1,1,0,0,0,0,0,1,0,0,0,0,0,0,0,0,0,0,0,0,0,0,0,0,0,0,0,0,0,0,0,0,0,0,0,0,0,0,0],""thisManip"":"""",""theseEmos"":[""positive"",""positive"",""negative"",""forgotten"",""forgotten"",""neutral"",""positive"",""negative"",""forgotten"",""forgotten"",""forgotten"",""forgotten"",""forgotten"",""negative"",""forgotten"",""forgotten"",""forgotten"",""forgotten"",""forgotten"",""forgotten"",""forgotten"",""forgotten"",""forgotten"",""forgotten"",""forgotten"",""forgotten"",""forgotten"",""forgotten"",""forgotten"",""forgotten"",""forgotten"",""forgotten"",""forgotten"",""forgotten"",""forgotten"",""forgotten"",""forgotten"",""forgotten"",""forgotten"",""forgotten"",""forgotten"",""forgotten"",""forgotten"",""forgotten"",""forgotten""],""stimDur"":2000,""ITI"":1000,""numpos"":3,""numneg"":3,""numneut"":1}",
3UEDKCTP9VQSZE86QJFHRRFFFRL7KU,"P45: emotional memory demo"," ",39GAF6DQWR0VQNLAQ9HGG9V0KRQ1VE,A3TY2NECFIKP30,Approved,"Sun May 15 16:33:20 PDT 2016","Sun May 15 16:38:02 PDT 2016","{""trials"":[],""thisList"":[""promotion"",""kiss"",""baby"",""curtains"",""rabies"",""love"",""sweetheart"",""leprosy"",""rejected"",""murderer"",""rainbow"",""torture"",""mother"",""hammer"",""depression"",""prison"",""paradise"",""funeral"",""pecan"",""contents"",""duct"",""miracle"",""cash"",""seasick"",""stove"",""suicide"",""award"",""graduate"",""fingerprint"",""romantic"",""freezer"",""volcano"",""slaughter"",""vomit"",""broom"",""hairdryer"",""knitting"",""coyote"",""rape"",""treasure"",""lice"",""hunter"",""bumble"",""suffocate"",""laughter""],""thisRetrieval"":""promotion kiss baby love leprosy murder rape slaughter suffocate rainbow laughter "",""theseComments"":[],""theseResults"":[1,1,1,0,0,1,0,1,0,0,1,0,0,0,0,0,0,0,0,0,0,0,0,0,0,0,0,0,0,0,0,0,1,0,0,0,0,0,1,0,0,0,0,1,1],""thisManip"":"""",""theseEmos"":[""positive"",""positive"",""positive"",""forgotten"",""forgotten"",""positive"",""forgotten"",""negative"",""forgotten"",""forgotten"",""positive"",""forgotten"",""forgotten"",""forgotten"",""forgotten"",""forgotten"",""forgotten"",""forgotten"",""forgotten"",""forgotten"",""forgotten"",""forgotten"",""forgotten"",""forgotten"",""forgotten"",""forgotten"",""forgotten"",""forgotten"",""forgotten"",""forgotten"",""forgotten"",""forgotten"",""negative"",""forgotten"",""forgotten"",""forgotten"",""forgotten"",""forgotten"",""negative"",""forgotten"",""forgotten"",""forgotten"",""forgotten"",""negative"",""positive""],""stimDur"":2000,""ITI"":1000,""numpos"":6,""numneg"":4,""numneut"":0}",
3UEDKCTP9VQSZE86QJFHRRFFFRL7KU,"P45: emotional memory demo"," ",3KXIR214I4G3LVKRPHG7C25SZD742M,A2B1CX2G3DGSY,Approved,"Sun May 15 17:03:23 PDT 2016","Sun May 15 17:08:33 PDT 2016","{""trials"":[],""thisList"":[""hammer"",""leprosy"",""coyote"",""volcano"",""fingerprint"",""kiss"",""rejected"",""sweetheart"",""love"",""torture"",""prison"",""rainbow"",""contents"",""freezer"",""funeral"",""pecan"",""stove"",""hunter"",""baby"",""bumble"",""cash"",""laughter"",""mother"",""curtains"",""broom"",""suffocate"",""award"",""depression"",""rabies"",""suicide"",""seasick"",""miracle"",""slaughter"",""treasure"",""knitting"",""vomit"",""duct"",""graduate"",""promotion"",""lice"",""hairdryer"",""rape"",""paradise"",""murderer"",""romantic""],""thisRetrieval"":""sweetheart, love, murderer, depression, kiss, duct, coyote, leprosy, contents, paradise"",""theseComments"":[],""theseResults"":[0,1,1,0,0,1,0,1,1,0,0,0,1,0,0,0,0,0,0,0,0,0,0,0,0,0,0,1,0,0,0,0,0,0,0,0,1,0,0,0,0,0,1,1,0],""thisManip"":"""",""theseEmos"":[""forgotten"",""negative"",""neutral"",""forgotten"",""forgotten"",""positive"",""forgotten"",""positive"",""positive"",""forgotten"",""forgotten"",""forgotten"",""neutral"",""forgotten"",""forgotten"",""forgotten"",""forgotten"",""forgotten"",""forgotten"",""forgotten"",""forgotten"",""forgotten"",""forgotten"",""forgotten"",""forgotten"",""forgotten"",""forgotten"",""negative"",""forgotten"",""forgotten"",""forgotten"",""forgotten"",""forgotten"",""forgotten"",""forgotten"",""forgotten"",""neutral"",""forgotten"",""forgotten"",""forgotten"",""forgotten"",""forgotten"",""positive"",""negative"",""forgotten""],""stimDur"":2000,""ITI"":1000,""numpos"":4,""numneg"":3,""numneut"":3}",
3UEDKCTP9VQSZE86QJFHRRFFFRL7KU,"P45: emotional memory demo"," ",3HL8HNGX451OJV2FU7R5DTAXU9Q9F7,AL8OZZZGQQT40,Approved,"Sun May 15 23:47:14 PDT 2016","Sun May 15 23:51:56 PDT 2016","{""trials"":[],""thisList"":[""duct"",""fingerprint"",""lice"",""baby"",""hunter"",""freezer"",""rainbow"",""funeral"",""award"",""kiss"",""rejected"",""stove"",""suicide"",""contents"",""knitting"",""rape"",""seasick"",""leprosy"",""vomit"",""broom"",""paradise"",""hairdryer"",""suffocate"",""treasure"",""sweetheart"",""promotion"",""rabies"",""murderer"",""mother"",""curtains"",""hammer"",""miracle"",""cash"",""depression"",""torture"",""romantic"",""coyote"",""pecan"",""laughter"",""prison"",""volcano"",""love"",""bumble"",""slaughter"",""graduate""],""thisRetrieval"":""graduate rainbow baby promotion volcano torture rape suicide mother hairdryer coyote hunter murder duct "",""theseComments"":[],""theseResults"":[1,0,0,1,1,0,1,0,0,0,0,0,1,0,0,1,0,0,0,0,0,1,0,0,0,1,0,0,1,0,0,0,0,0,1,0,1,0,0,0,1,0,0,0,1],""thisManip"":"""",""theseEmos"":[""neutral"",""forgotten"",""forgotten"",""positive"",""neutral"",""forgotten"",""positive"",""forgotten"",""forgotten"",""forgotten"",""forgotten"",""forgotten"",""negative"",""forgotten"",""forgotten"",""negative"",""forgotten"",""forgotten"",""forgotten"",""forgotten"",""forgotten"",""neutral"",""forgotten"",""forgotten"",""forgotten"",""positive"",""forgotten"",""forgotten"",""positive"",""forgotten"",""forgotten"",""forgotten"",""forgotten"",""forgotten"",""negative"",""forgotten"",""neutral"",""forgotten"",""forgotten"",""forgotten"",""neutral"",""forgotten"",""forgotten"",""forgotten"",""positive""],""stimDur"":2000,""ITI"":1000,""numpos"":5,""numneg"":3,""numneut"":5}",
3UEDKCTP9VQSZE86QJFHRRFFFRL7KU,"P45: emotional memory demo"," ",3QAVNHZ3EM4OO6MG8O8341Q1XNUALS,A3DMOQY2M6SB9N,Approved,"Mon May 16 02:34:39 PDT 2016","Mon May 16 02:41:12 PDT 2016","{""trials"":[],""thisList"":[""graduate"",""fingerprint"",""broom"",""promotion"",""kiss"",""award"",""rape"",""baby"",""laughter"",""freezer"",""suicide"",""knitting"",""contents"",""volcano"",""rejected"",""miracle"",""suffocate"",""love"",""cash"",""pecan"",""duct"",""slaughter"",""prison"",""sweetheart"",""rainbow"",""treasure"",""hammer"",""seasick"",""leprosy"",""hairdryer"",""lice"",""murderer"",""mother"",""bumble"",""coyote"",""hunter"",""torture"",""vomit"",""stove"",""romantic"",""curtains"",""paradise"",""depression"",""funeral"",""rabies""],""thisRetrieval"":""graduate\nmurderer\nleprosy\nkiss\nbroom\nmother"",""theseComments"":[],""theseResults"":[1,0,1,0,1,0,0,0,0,0,0,0,0,0,0,0,0,0,0,0,0,0,0,0,0,0,0,0,1,0,0,1,1,0,0,0,0,0,0,0,0,0,0,0,0],""thisManip"":"""",""theseEmos"":[""positive"",""forgotten"",""neutral"",""forgotten"",""positive"",""forgotten"",""forgotten"",""forgotten"",""forgotten"",""forgotten"",""forgotten"",""forgotten"",""forgotten"",""forgotten"",""forgotten"",""forgotten"",""forgotten"",""forgotten"",""forgotten"",""forgotten"",""forgotten"",""forgotten"",""forgotten"",""forgotten"",""forgotten"",""forgotten"",""forgotten"",""forgotten"",""negative"",""forgotten"",""forgotten"",""negative"",""positive"",""forgotten"",""forgotten"",""forgotten"",""forgotten"",""forgotten"",""forgotten"",""forgotten"",""forgotten"",""forgotten"",""forgotten"",""forgotten"",""forgotten""],""stimDur"":2000,""ITI"":1000,""numpos"":3,""numneg"":2,""numneut"":1}",
